{"name":"atlas-query_paintings","title":"paintings","description":"Famous paintings and their artists.  This data set is published to help students have interesting data to practice SQL","homepage":"https://data.world/atlas-query/paintings","resources":[{"name":"artist","schema":{"fields":[{"name":"artist_id","title":"artist_id","type":"integer","rdfType":"http://www.w3.org/2001/XMLSchema#integer","dwSourceId":"artist_id"},{"name":"full_name","title":"full_name","type":"string","rdfType":"http://www.w3.org/2001/XMLSchema#string","dwSourceId":"full_name"},{"name":"first_name","title":"first_name","type":"string","rdfType":"http://www.w3.org/2001/XMLSchema#string","dwSourceId":"first_name"},{"name":"middle_names","title":"middle_names","type":"string","rdfType":"http://www.w3.org/2001/XMLSchema#string","dwSourceId":"middle_names"},{"name":"last_name","title":"last_name","type":"string","rdfType":"http://www.w3.org/2001/XMLSchema#string","dwSourceId":"last_name"},{"name":"nationality","title":"nationality","type":"string","rdfType":"http://www.w3.org/2001/XMLSchema#string","dwSourceId":"nationality"},{"name":"style","title":"style","type":"string","rdfType":"http://www.w3.org/2001/XMLSchema#string","dwSourceId":"style"},{"name":"birth","title":"birth","type":"integer","rdfType":"http://www.w3.org/2001/XMLSchema#integer","dwSourceId":"birth"},{"name":"death","title":"death","type":"integer","rdfType":"http://www.w3.org/2001/XMLSchema#integer","dwSourceId":"death"}]},"path":"data/artist.csv","format":"csv"},{"name":"canvas_size","schema":{"fields":[{"name":"size_id","title":"size_id","type":"integer","rdfType":"http://www.w3.org/2001/XMLSchema#integer","dwSourceId":"size_id"},{"name":"width","title":"width","type":"integer","rdfType":"http://www.w3.org/2001/XMLSchema#integer","dwSourceId":"width"},{"name":"height","title":"height","type":"integer","rdfType":"http://www.w3.org/2001/XMLSchema#integer","dwSourceId":"height"},{"name":"label","title":"label","type":"string","rdfType":"http://www.w3.org/2001/XMLSchema#string","dwSourceId":"label"}]},"path":"data/canvas_size.csv","format":"csv"},{"name":"image_link","schema":{"fields":[{"name":"work_id","title":"work_id","type":"integer","rdfType":"http://www.w3.org/2001/XMLSchema#integer","dwSourceId":"work_id"},{"name":"url","title":"url","type":"string","rdfType":"http://www.w3.org/2001/XMLSchema#anyURI","dwSourceId":"url"},{"name":"thumbnail_small_url","title":"thumbnail_small_url","type":"string","rdfType":"http://www.w3.org/2001/XMLSchema#anyURI","dwSourceId":"thumbnail_small_url"},{"name":"thumbnail_large_url","title":"thumbnail_large_url","type":"string","rdfType":"http://www.w3.org/2001/XMLSchema#anyURI","dwSourceId":"thumbnail_large_url"}]},"path":"data/image_link.csv","format":"csv"},{"name":"museum","schema":{"fields":[{"name":"museum_id","title":"museum_id","type":"integer","rdfType":"http://www.w3.org/2001/XMLSchema#integer","dwSourceId":"museum_id"},{"name":"name","title":"Name","type":"string","rdfType":"http://www.w3.org/2001/XMLSchema#string","dwSourceId":"name"},{"name":"address","title":"address","type":"string","rdfType":"http://www.w3.org/2001/XMLSchema#string","dwSourceId":"address"},{"name":"city","title":"city","type":"string","rdfType":"http://www.w3.org/2001/XMLSchema#string","dwSourceId":"city"},{"name":"state","title":"state","type":"string","rdfType":"http://www.w3.org/2001/XMLSchema#string","dwSourceId":"state"},{"name":"postal","title":"postal","type":"string","rdfType":"http://www.w3.org/2001/XMLSchema#string","dwSourceId":"postal"},{"name":"country","title":"country","type":"string","rdfType":"http://www.w3.org/2001/XMLSchema#string","dwSourceId":"country"},{"name":"phone","title":"phone","type":"string","rdfType":"http://www.w3.org/2001/XMLSchema#string","dwSourceId":"phone"},{"name":"url","title":"url","type":"string","rdfType":"http://www.w3.org/2001/XMLSchema#anyURI","dwSourceId":"url"}]},"path":"data/museum.csv","format":"csv"},{"name":"museum_hours","schema":{"fields":[{"name":"museum_id","title":"museum_id","type":"integer","rdfType":"http://www.w3.org/2001/XMLSchema#integer","dwSourceId":"museum_id"},{"name":"day","title":"day","type":"string","rdfType":"http://www.w3.org/2001/XMLSchema#string","dwSourceId":"day"},{"name":"open","title":"open","type":"string","rdfType":"http://www.w3.org/2001/XMLSchema#string","dwSourceId":"open"},{"name":"close","title":"close","type":"string","rdfType":"http://www.w3.org/2001/XMLSchema#string","dwSourceId":"close"}]},"path":"data/museum_hours.csv","format":"csv"},{"name":"product_size","schema":{"fields":[{"name":"work_id","title":"work_id","type":"integer","rdfType":"http://www.w3.org/2001/XMLSchema#integer","dwSourceId":"work_id"},{"name":"size_id","title":"size_id","type":"string","rdfType":"http://www.w3.org/2001/XMLSchema#string","dwSourceId":"size_id"},{"name":"sale_price","title":"sale_price","type":"integer","rdfType":"http://www.w3.org/2001/XMLSchema#integer","dwSourceId":"sale_price"},{"name":"regular_price","title":"regular_price","type":"integer","rdfType":"http://www.w3.org/2001/XMLSchema#integer","dwSourceId":"regular_price"}]},"path":"data/product_size.csv","format":"csv"},{"name":"subject","schema":{"fields":[{"name":"work_id","title":"work_id","type":"integer","rdfType":"http://www.w3.org/2001/XMLSchema#integer","dwSourceId":"work_id"},{"name":"subject","title":"subject","type":"string","rdfType":"http://www.w3.org/2001/XMLSchema#string","dwSourceId":"subject"}]},"path":"data/subject.csv","format":"csv"},{"name":"work","schema":{"fields":[{"name":"work_id","title":"work_id","type":"integer","rdfType":"http://www.w3.org/2001/XMLSchema#integer","dwSourceId":"work_id"},{"name":"name","title":"name","type":"string","rdfType":"http://www.w3.org/2001/XMLSchema#string","dwSourceId":"name"},{"name":"artist_id","title":"artist_id","type":"integer","rdfType":"http://www.w3.org/2001/XMLSchema#integer","dwSourceId":"artist_id"},{"name":"style","title":"style","type":"string","rdfType":"http://www.w3.org/2001/XMLSchema#string","dwSourceId":"style"},{"name":"museum_id","title":"museum_id","type":"integer","rdfType":"http://www.w3.org/2001/XMLSchema#integer","dwSourceId":"museum_id"}]},"path":"data/work.csv","format":"csv"},{"name":"original/artist","path":"original/artist","format":"","mediatype":"text/csv","bytes":29326},{"name":"original/canvas_size","path":"original/canvas_size","format":"","mediatype":"text/csv","bytes":8243},{"name":"original/image_link","path":"original/image_link","format":"","mediatype":"text/csv","bytes":10398545},{"name":"original/museum","path":"original/museum","format":"","mediatype":"text/csv","bytes":6706},{"name":"original/museum_hours","path":"original/museum_hours","format":"","mediatype":"text/csv","bytes":10613},{"name":"original/product_size","path":"original/product_size","format":"","mediatype":"text/csv","bytes":2228503},{"name":"original/subject","path":"original/subject","format":"","mediatype":"text/csv","bytes":122153},{"name":"original/work","path":"original/work","format":"","mediatype":"text/csv","bytes":736768}]}